{
  "type": "object",
  "properties": {
    "persona": {"type": "string"},
    "assumptions": {"type": "array", "items": {"type": "string"}},
    "logic_steps": {"type": "array", "items": {"type": "string"}},
    "content": {"type": "string"},
    "balanced_ternary": {"type": "string", "enum": ["+", "0", "-"]},
    "confidence": {"type": "number", "minimum": 0, "maximum": 1}
  },
  "required": [
    "persona",
    "assumptions",
    "logic_steps",
    "content",
    "balanced_ternary",
    "confidence"
  ],
  "additionalProperties": false
}